Local/Regional government,Country,Project/Initiative,Featured in,Source,Link
/,/,Green & Resilient UrbanShift Africa Forum,Stories,https://sdglocalaction.org/clean-air-african-cities/,https://www.c40.org/news/highlights-urbanshift-africa-forum/
/,/,Accelerating Action,Stories,https://sdglocalaction.org/accelerating-action-platform/,https://www.acceleratingaction.com/
/,/,Community Human Development Index,Stories,https://sdglocalaction.org/databases-localizing-hdi/,https://communityhdi.org/#4.4/39.82/-119.38
/,/,OCED Toolkit for a territorial approach to the SDGs,Stories,https://sdglocalaction.org/oecd-localizing-sdgs/,https://sdglocalaction.org/wp-content/uploads/2024/09/2913bae2-en.pdf
/,/,ISO 14093 mechanism for financing local adaptation to climate change — performance-based climate resilience grants,Stories,https://sdglocalaction.org/climate-action-iso/,https://www.iso.org/standard/68511.html
/,/,"""Managing Infrastructure Assets for Sustainable Development"" Handbook by UN DESA and UNCDF",Stories,https://sdglocalaction.org/managing-infrastructure-assets/,https://financing.desa.un.org/document/un-handbook-infrastructure-asset-management
/,/,URBACT toolbox,Stories,https://sdglocalaction.org/urbact-toolbox/,https://urbact.eu/toolbox-home/sharing-knowledge
/,/,SDG Synergies,Stories,https://sdglocalaction.org/sdg-synergies/,https://www.sdgsynergies.org/
/,/,Plastic Smart Cities,Stories,https://sdglocalaction.org/plastic-smart-cities/,http://plasticsmartcities.org/
/,/,UCL Public Sector Capabilities Index,Stories,https://sdglocalaction.org/capability-ucls-index/,https://www.ucl.ac.uk/bartlett/research-projects/2024/feb/public-sector-capabilities-index
/,/,Sentilo,Stories,https://sdglocalaction.org/sentilo-iot/,https://www.sentilo.io/
/,/,New European Bauhaus,Stories,https://sdglocalaction.org/new-european-bauhaus/,https://new-european-bauhaus.europa.eu/index_en
/,/,Our City Plan,Stories,https://sdglocalaction.org/our-city-plans/,https://ourcityplans.org/
/,/,OGP Summit 2025,Stories,https://sdglocalaction.org/ogp-summit-local-governments/,https://www.opengovpartnership.org/es/events/2025-ogp-global-summit/
/,/,Quality of Life initiative,Stories,https://sdglocalaction.org/quality-of-life-initiative-2/,https://unhabitat.org/quality-of-life-initiative
/,/,Urban Recovery Planning System,Stories,https://sdglocalaction.org/urban-recovery-planning-platform/,https://unitac.un.org/urps
/,/,Mercedes-Benz connected vehicles,SDG Local Solutions series: How connected vhicles can make street cities safer,https://sdglocalaction.org/connected-vehicles-safer-streets/,
/,/,Network of Associations of Local Authorities of South-East Europe,SDG Local Solutions series: The role of local government associations in crisis,https://sdglocalaction.org/local-government-associations-in-crisis/,https://www.nalas.eu/
Buenos Aires,Argentina,"Road Safety Plan
-  Artificial intelligence for incident classification
- Automated data processing and predictive analytics
- Integration with healthcare and emergency response systems 
- Infrastructure and behavioral interventions ",SDG Local Solutions series: Traffic Management Policies: Experiences From Istanbul And Buenos Aires ,https://sdglocalaction.org/traffic-management-policies/,
Cordoba,Argentina,"Pilot experience
Community distributed generation",SDG Local Solutions series: Entering Carbon Markets: The Cases Of Cordoba Province and The City Of Freetown,https://sdglocalaction.org/entering-carbon-markets/,
Cordoba,Argentina,MÍA Methodology,Stories,https://sdglocalaction.org/cordobas-mia-methodology/,https://sdglocalaction.org/wp-content/uploads/2023/12/MIA-2030-1.pdf
Cordoba,Argentina,Voluntary Local Report,Stories,https://sdglocalaction.org/voluntary-local-review-cordoba-argentina/,https://sdglocalaction.org/wp-content/uploads/2023/12/Voluntary-Local-Report-Cordoba-ARG-2023-ENGLISH-VERSION-.pdf
Córdoba,Argentina,Aprendo Program,Stories,https://sdglocalaction.org/aprendo-cordoba-city/,https://cordoba.gob.ar/
Córdoba,Argentina,"Institutionalised urban art through municipal cultural policy
Citywide festival circuit
Inclusive platforms for women and youth artists
Cultural tourism with technology",SDG Local Solutions series: The role of urban art for inclusive and sustainable cities,https://sdglocalaction.org/urban-art-inclusive-cities-2/,
Rosario,Argentina,Programa Producción Sustentable de Alimentos (Cinturón Verde),SDG Local Solutions series: Agroecological food production in urban and periurban areas,https://sdglocalaction.org/urban-agroecology-solutions/,https://www.rosario.gob.ar/inicio/produccion-sustentable-de-alimentos-cinturon-verde
Yerevan,Armenia,Green Seal-Green Deal initiative,Stories,https://sdglocalaction.org/yerevans-green-seal-green-deal/,https://www.yerevan.am/en/open-government-partnership-local-opg/
Merri-bek City,Australia,Merri-bek City Food System Strategy 2024-2027,Stories,https://sdglocalaction.org/merri-beks-food-system-strategy/,https://www.merri-bek.vic.gov.au/globalassets/website-merri-bek/areas/my-council/strategies-policies-and-collected-data/policies-and-strategies/food-systems---food-system-strategy-2024-2027-final.pdf
Vienna,Austria,Supergrätzl,Stories,https://sdglocalaction.org/viennas-supergratzl/,https://www.wien.gv.at/stadtplanung/supergraetzl-favoriten
Bridgetown,Barbados,Integrated Urban Resilience in Small Island Developing States and Coastal Cities,Stories,https://sdglocalaction.org/iur-sids/,https://www.sparkblue.org/system/files/2023-06/State%20of%20play%20--%20IUR-SIDS%20Bridgetown%20Barbados_HQP.pdf
Various cities,Belgium,Sustainable Municipality Week,Stories,https://sdglocalaction.org/sustainable-municipality-week/,https://eur03.safelinks.protection.outlook.com/?url=http%3A%2F%2Fwww.duurzamegemeente.be%2F&data=05%7C01%7Chawa.barrie%40undp.org%7Cc25ea764929c46ffe27808db9ff5bf5f%7Cb3e5db5e2944483799f57488ace54319%7C0%7C0%7C638279650461005686%7CUnknown%7CTWFpbGZsb3d8eyJWIjoiMC4wLjAwMDAiLCJQIjoiV2luMzIiLCJBTiI6Ik1haWwiLCJXVCI6Mn0%3D%7C3000%7C%7C%7C&sdata=hHW1ZY%2B%2BDzVKpvsKE49a9EVW4jF0yO1UnKJp9Tf6f5E%3D&reserved=0
Belize City,Belize,Urban Sustainability and Smart City Project,Stories,https://sdglocalaction.org/belize-smart-city/,https://www.belizecitycouncil.org/news.php?news_id=276
Belize City,Belize,Integrated Urban Resilience in Small Island Developing States and Coastal Cities,Stories,https://sdglocalaction.org/iur-sids/,https://www.sparkblue.org/system/files/2023-06/State%20of%20play%20--%20IUR-SIDS%20Belize%20City%20Belize_HQP.pdf
São Paulo,Brazil,Partial Subvention Model,SDG Local Solutions series: Local Government Financing Dialogues: Experiences and Innovative Solutions ,https://sdglocalaction.org/local-financing-dialogues/,https://www.c40knowledgehub.org/s/article/Financing-e-buses-in-Sao-Paulo-the-partial-subvention-model?language=en_US
Porto Alegre,Brazil,Environmental Racism and Climate Injustice: The Role of Cities in Tackling Climate Change and in Fighting Socioterritorial Inequalities,Stories,https://sdglocalaction.org/climate-injustice-brazil/,https://polis.org.br/racismo-ambiental-clima/
São Paulo,Brazil,Environmental Racism and Climate Injustice: The Role of Cities in Tackling Climate Change and in Fighting Socioterritorial Inequalities,Stories,https://sdglocalaction.org/climate-injustice-brazil/,https://polis.org.br/racismo-ambiental-clima/
Recife,Brazil,Environmental Racism and Climate Injustice: The Role of Cities in Tackling Climate Change and in Fighting Socioterritorial Inequalities,Stories,https://sdglocalaction.org/climate-injustice-brazil/,https://polis.org.br/racismo-ambiental-clima/
Belém,Brazil,Environmental Racism and Climate Injustice: The Role of Cities in Tackling Climate Change and in Fighting Socioterritorial Inequalities,Stories,https://sdglocalaction.org/climate-injustice-brazil/,https://polis.org.br/racismo-ambiental-clima/
Belo Horizonte,Brazil,Municipal policy for urban agriculture and agroecology,SDG Local Solutions series: Agroecological food production in urban and periurban areas,https://sdglocalaction.org/urban-agroecology-solutions/,
Toronto,Canada,Digital Infrastructure Strategic Framework,Stories,https://sdglocalaction.org/toronto-digital-infrastructure-strategic-framework/,https://www.toronto.ca/city-government/accountability-operations-customer-service/long-term-vision-plans-and-strategies/connected-community/digital-infrastructure-strategic-framework/
Xi'an,China,SDG City Tales,Stories,https://sdglocalaction.org/sdg-city-tales/,
Hong Kong Special Administrative Region,China,Well-being Design Guide,Stories,https://sdglocalaction.org/hong-kong-well-being-design-guide-housing/,https://housingwellbeing.hk/en/design-guide/
/,Colombia,Alert for My Environment,Stories,https://sdglocalaction.org/colombia-open-government-environment/,
Bogota,Colombia,The Bogota Care System Model,SDG Local Solutions series: Lessons Learnt From Bogota Caring City Project,https://sdglocalaction.org/bogota-guidelines-presentation/,https://sdglocalaction.org/wp-content/uploads/2025/01/ENG_Bogota-guidelines.pdf
Bogota,Colombia,Home Assistance Program,SDG Local Solutions series: Creating Caring Communities: Lessons From Geneva and Bogota,https://sdglocalaction.org/creating-caring-communities/,"https://sdglocalaction.org/bogota-caring-city/#:~:text=The%20Home%20Assistance%20Program%20offers,with%20disabilities%2C%20promoting%20their%20autonomy."
City of Prague,Czechia,Golemio,SDG Local Solutions series: Using Data Platforms for Local Decision-Making,https://sdglocalaction.org/using-data-platforms-for-local-decision-making-2/,https://golemio.cz/english
Copenhagen,Denmark,Copenhagen Cloudburst planning,SDG Local Solutions series: Fighting Urban Flooding: Lessons From Copenhagen and Hoboken ,https://sdglocalaction.org/tackling-urban-flooding/,
Roseau,Dominican Rep.,Integrated Urban Resilience in Small Island Developing States and Coastal Cities,Stories,https://sdglocalaction.org/iur-sids/,https://www.sparkblue.org/system/files/2023-06/state%20of%20play%20--%20iur-sids%20%20roseau%20dominica_hqp.pdf
Las Terrenas,Dominican Rep.,Empowering local suppliers and ensure equitable participation,Stories,https://sdglocalaction.org/public-procurement-sustainability/,
Cuenca,Ecuador,SDG City Tales,Stories,https://sdglocalaction.org/sdg-city-tales/,
Sharm El-Sheikh,Egypt,small-scale Photovoltaic or PV systems,Stories,https://sdglocalaction.org/cities-against-climate-change/,https://www.undp.org/egypt/stories/transforming-egypts-energy-market
/,eSwatini,“Connecting the Dots” initiative,Stories,https://sdglocalaction.org/african-women-local-development/,https://www.clgf.org.uk/regions/clgf-southern-africa/clgf-southern-africa-programmes/connecting-the-dots-stories-of-change/
Pigg’s Peak,eSwatini,“Connecting the Dots” initiative,Stories,https://sdglocalaction.org/african-women-local-development/,https://www.clgf.org.uk/regions/clgf-southern-africa/clgf-southern-africa-programmes/connecting-the-dots-stories-of-change/
Addis Ababa,Ethiopia,Africa Urban Forum,Stories,https://sdglocalaction.org/africa-urban-forum/,https://au.int/en/newsevents/africa-urban-forum
Hawassa,Ethiopia,Our City Plan,Stories,https://sdglocalaction.org/our-city-plans/,http://o%09https:/ourcityplans.org/planning-experiences/sustainable-development-hawassa-city-cluster
Nadi,Fiji,Integrated Urban Resilience in Small Island Developing States and Coastal Cities,Stories,https://sdglocalaction.org/iur-sids/,https://www.sparkblue.org/system/files/2023-06/state%20of%20play%20--%20iur-sids%20nadi%20fiji_hqp.pdf
Poitiers,France,/,City Talks: Leaving No One Behind: Lessons in Inclusive Urban Transport from The Cities of Hermosillo and Canelones ,https://sdglocalaction.org/lnob-in-cities/,
Strasbourg,France,Circular Economy Roadmap,Stories,https://sdglocalaction.org/strasbourgs-circular-economy/,https://sdglocalaction.org/wp-content/uploads/2024/05/The-Circular-Economy.pdf
Banjul city,Gambia,Vegetable and fish facility,Stories,https://sdglocalaction.org/banjuls-mayor-opens-new-vegetable-and-fish-facility-at-albert-market/,https://thepoint.gm/africa/gambia/headlines/mayor-lowe-inaugurates-new-vegetable-and-fish-facility-for-women
Jarra Sukuta,Gambia,REFELA,Stories,https://sdglocalaction.org/a-new-water-project-for-women-in-jarra-sukuta-gambia/,https://alkambatimes.com/refela-addresses-water-shortage-for-horticultural-producers-in-lrr/
Dortmund,Germany,The She for Democracy initiative,SDG Local Solutions series: Getting Women Involved in Managing Cities,https://sdglocalaction.org/women-managing-cities/,https://www.dortmund.de/themen/gleichstellung-frauen-und-lsbtiq/gleichstellung/kampagne-she-for-democracy/
Kumasi,Ghana,GMC Water sanitation project,SDG Local Solutions series: African cities innovatingi public service delivery: the cases of Kumasi (Ghana) and Kigali (Rwanda),https://sdglocalaction.org/building-resilient-cities/,https://sdglocalaction.org/kumasi-guideline/
Kumasi,Ghana,"Under the She for Democracy framework
- Capacity building
- Publicity on KPIs
- Co-creating solutions
- Raising Awareness",SDG Local Solutions series: Getting Women Involved in Managing Cities,https://sdglocalaction.org/women-managing-cities/,
Kumasi,Ghana,The Kumasi Sanitation Solutions,SDG Local Solutions series: A Tale of Two Cities: Kumasi and Kigali,https://sdglocalaction.org/kumasi-kigali/,https://sdglocalaction.org/wp-content/uploads/2023/08/Final-presentation-for-Kumasi.pdf
Kumasi,Ghana,Kumasi revolving fund sanitation project,Stories,https://sdglocalaction.org/kumasi-city-advances-on-sanitation-solution/,
Wa East District,Ghana,SDG localization initiatives,Stories,https://sdglocalaction.org/wa-east-district-ghana/,https://sdglocalaction.org/wp-content/uploads/2023/12/SDG-Localisation-in-Ghana-edited-final.pdf
Accra,Ghana,Accra Metropolitan Assembly Smart Sustainable Development Goals (SDGs) Cities Implementation Committee,Stories,https://sdglocalaction.org/accra-smart-sdg-cities-committee/,
Guatemala City,Guatemala,Solar Tuk Tuk,SDG Local Solutions series: Latin America Cities Innovate Urban Waste and Mobility,https://sdglocalaction.org/latin-america-cities-innovate-urban-waste-and-mobility/,https://sdglocalaction.org/guatemalas-solar-tuk-tuk-innovating-from-the-grassroots-to-achieve-sdgs/
Ahmedabad,India,"Urban flood resilience strategies
- In collaboration with ICLEI",SDG Local Solutions series: Urban Flood Recovery Strategies In The Cities Of Ahmedabad and Port Louis,https://sdglocalaction.org/flood-recovery-learnings/,https://southasia.iclei.org
Bengaluru,India,"Public bicycle-sharing system (PBS)
Micro-mobility system (SMMS)","SDG Local Solutions series: Electric Bicycles, the Solution for Urban Mobility?",https://sdglocalaction.org/ebikes-for-urban-mobility/,
Rourkela,India,The Rourkela cold storage project,SDG Local Solutions series: Municipal Solutions for Storage and Selling Fresh Food Products,https://sdglocalaction.org/municipal-solutions-for-selling-fresh-products/,https://sdglocalaction.org/rourkela-cold-rooms/
Rourkela,India,Cold rooms,SDG Local Solutions series: Connecting Farmers and Local Food Systems – Butuan and Rourkela,https://sdglocalaction.org/connecting-farmers-and-local-food-systems-butuan-and-rourkela/,https://sdglocalaction.org/wp-content/uploads/2023/09/Rourkela.pdf
Tinsuika,India,"Zero-Waste, Zero-Hunger initiative",Stories,https://sdglocalaction.org/zero-waste-zero-hunger-tinsukia/,
Rourkela,India,Women self-help groups,"SDG Local Solutions series: Empowering women and reducing food waste: the Cold Room project in Rourkela, India",https://sdglocalaction.org/empowering-women-rourkela/,
Rourkela,India,The Cold Room project,"SDG Local Solutions series: Empowering women and reducing food waste: the Cold Room project in Rourkela, India",https://sdglocalaction.org/empowering-women-rourkela/,https://sdglocalaction.org/guideline-rourkela-india/
Jaipur,India,U.S. – South Asia Mayoral Platform on Sustainable Cities at South Asia Clean Energy Forum,Stories,https://sdglocalaction.org/us-sa-mayoral-platform/,https://sarepenergy.net/about-sacef-2024/
/,Indonesia,the MELAYANI programme,Stories,https://sdglocalaction.org/public-service-delivery-improvement/,https://batukarinfo.com/install.php
Dublin,Ireland,"Smart Cities initiative
- Drone program",SDG Local Solutions series: Mapping Cities With Drones: The Experiences Of Dublin and Freetown,https://sdglocalaction.org/drones-map-cities/,https://smartdublin.ie/dublin-city-drone-strategy/
Turin,Italy,"First Life
CommonsHud",SDG Local Solutions series: Digital Participatory Tools: The Experiences Of Turin And Montevideo,https://sdglocalaction.org/digital-participatory-tools-2/,"First Life: https://www.firstlife.org/
CommonsHud: https://www.commonshood.eu/"
Venice,Italy,Venice Mobility Agency,SDG Local Solutions series: Moving by Water: The Experiences Of Venice and New York City ,https://sdglocalaction.org/moving-by-water/,https://avm.avmspa.it/en
Venice,Italy,Venice Architecture Biennale,Stories,https://sdglocalaction.org/venice-2025-biennale/,https://www.labiennale.org/en/architecture/2025
Kingston,Jamaica,CityAdapt: Building climate resilience of urban systems through Ecosystem-based Adaptation (EbA) in Latin America and the Caribbean,Stories,https://sdglocalaction.org/reforestation-cases/,https://www.unep.org/ecosystem-based-adaptation-el-salvador-jamaica-and-mexico
Yokohama,Japan,Smart City initiative,Stories,https://sdglocalaction.org/op-ed-shaping-cities/,https://www.city.yokohama.lg.jp/lang/overseas/climatechange/contents/energypolicy/yscp.html
Greater Amman Municipality,Jordan,Amman in Listening,SDG Local Solutions series: Using Data Platforms for Local Decision-Making,https://sdglocalaction.org/using-data-platforms-for-local-decision-making-2/,https://sdglocalaction.org/amman-is-listening/
Home Bay County,Kenya,County Integrated Action Plan,Stories,https://sdglocalaction.org/development-in-homa-bay-county-kenya/,https://sdglocalaction.org/wp-content/uploads/2024/01/Homa-Bay-County-edited.pdf
Nairobi City County,Kenya,"Urban art policy
Public spaces for murals and installations
Partnerships between government, artists, and civil society organisations
Mural projects in informal settlements",SDG Local Solutions series: The role of urban art for inclusive and sustainable cities,https://sdglocalaction.org/urban-art-inclusive-cities-2/,
Beirut,Lebanon,Her City Toolbox,Stories,https://sdglocalaction.org/her-city-toolbox/,https://hercity.org/beirut
/,Lesotho,“Connecting the Dots” initiative,Stories,https://sdglocalaction.org/african-women-local-development/,https://www.clgf.org.uk/regions/clgf-southern-africa/clgf-southern-africa-programmes/connecting-the-dots-stories-of-change/
Vilnius,Lithuania,Vilnius is a School.,Stories,https://sdglocalaction.org/vilinius-new-school-project/,https://www.vilniusisaschool.com/en/
Mahajanga,Madagascar,Fiscal Resource Mobilization Project via Digital Solutions (Mobile Collection),SDG Local Solutions series: Local Government Financing Dialogues: Experiences and Innovative Solutions ,https://sdglocalaction.org/local-financing-dialogues/,
Toamasina,Madagascar,Integrated Urban Resilience in Small Island Developing States and Coastal Cities,Stories,https://sdglocalaction.org/iur-sids/,https://www.sparkblue.org/system/files/2023-06/state%20of%20play%20--%20iur-sids%20%20toamasina%20madagascar_hqp.pdf
Nkhotakota,Malawi,Promoting tourism and agricultural sector with the Export Development Fund,Stories,https://sdglocalaction.org/nkhotakota-district-in-malawi/,
Hang Tuah Jaya,Malaysia,"2030 Green Economy and Sustainable Community plans
- Green public procurement",Stories,https://sdglocalaction.org/public-procurement-sustainability/,
Various cities,Malaysia,Low Carbon City Framework Programme,Stories,https://sdglocalaction.org/cities-against-climate-change/,https://www.researchgate.net/publication/347966372_Malaysia_Commitment_towards_Low_Carbon_Cities
Nouakchott,Mauritania,SDG City Tales,Stories,https://sdglocalaction.org/sdg-city-tales/,
Port Louis,Mauritius,Urban flood resilience strategies,SDG Local Solutions series: Urban Flood Recovery Strategies In The Cities Of Ahmedabad and Port Louis,https://sdglocalaction.org/flood-recovery-learnings/,
Port Louis,Mauritius,Integrated Urban Resilience in Small Island Developing States and Coastal Cities,Stories,https://sdglocalaction.org/iur-sids/,https://www.sparkblue.org/system/files/2023-06/State%20of%20play%20--%20IUR-SIDS%20Port%20Louis%20Mauritius_HQP.pdf
Mexico City,Mexico,Solar City initiative,SDG Local Solutions series: Creating Local Skills for Green Energy Transitions,https://sdglocalaction.org/green-energy-local-skills/,
Hermosillo,Mexico,The Biciclando project,SDG Local Solutions series: Latin America Cities Innovate Urban Waste and Mobility,https://sdglocalaction.org/latin-america-cities-innovate-urban-waste-and-mobility/,https://www.implanhermosillo.gob.mx/biciclando/
Hermosillo,Mexico,/,City Talks: Leaving No One Behind: Lessons in Inclusive Urban Transport from The Cities of Hermosillo and Canelones ,https://sdglocalaction.org/no-one-behind-transport/,
Hermosillo,Mexico,"Gender, recycling, and sustainable mobility",Stories,https://sdglocalaction.org/biciclando-hermosillo-sept25/,
Hermosillo,Mexico,Biciclando,SDG Local Solutions series: Transforming the city of Hermosillo (Mexico): the Biciclando recycling project,https://sdglocalaction.org/hermosillos-biciclando-urban-sustainability/,https://sdglocalaction.org/guideline-biciclando-recycling/
Dhulikhel,Nepal,Shreekhandrapur Wastewater and Faecal Sludge Treatment Plant,Stories,https://sdglocalaction.org/nepal-co-treatment-plant/,
Amsterdam,Netherlands,"""Make Amsterdam Your Home"" initiative",Stories,https://sdglocalaction.org/make-amsterdam-your-home/,https://www.iamsterdam.com/en/live-work-study/make-amsterdam-your-home-support-for-internationals
Rotterdam,Netherlands,"Connected vehicle data
- Rotterdam Open Urban Platform
- XCarCity Digital Twin Federation",SDG Local Solutions series: How connected vhicles can make street cities safer,https://sdglocalaction.org/connected-vehicles-safer-streets/,
Kaduna South Local Government,Nigeria,Healthcare system reform,Stories,https://sdglocalaction.org/kaduna-south-healthcare/,
/,Norway,Active and Social at All Ages,Stories,https://sdglocalaction.org/norway-all-ages/,https://sdglocalaction.org/wp-content/uploads/2023/12/23302-KS-Active-and-Social-At-All-Ages_web.pdf
Karachi,Pakistan,Green and sustainable infrastructure projects,Stories,https://sdglocalaction.org/op-ed-shaping-cities/,
Areguá,Paraguay,UNESCO Creative City of Craft and Folk Art,Stories,https://sdglocalaction.org/arts-culture-inclusive-cities/,https://www.unesco.org/en/creative-cities/aregua
Lima,Peru,Using water harvesting in fog oases in the hills,Stories,https://sdglocalaction.org/cities-against-climate-change/,
Butuan,Philippines,AgriBOOST,SDG Local Solutions series: Connecting Farmers and Local Food Systems – Butuan and Rourkela,https://sdglocalaction.org/connecting-farmers-and-local-food-systems-butuan-and-rourkela/,https://sdglocalaction.org/wp-content/uploads/2023/09/Butuan.pdf
Baguio City,Philippines,SIGLAT Youth Innovation Hub,Stories,https://sdglocalaction.org/siglat-innovation-hub/,https://new.baguio.gov.ph/news/countrys-first-youth-innovation-hub-established-in-baguio
Pasig,Philippines,SDG City Tales,Stories,https://sdglocalaction.org/sdg-city-tales/,
Butuan,Philippines,AgriBOOST,"SDG Local Solutions series: Strengthening local food production: the case study of Butuan, Philippines",https://sdglocalaction.org/agriboost-webinar/,https://sdglocalaction.org/wp-content/uploads/2025/02/EN_Butuan-Guidelines.pdf
Kigali,Rwanda,Kigali Innovates Smart Waste and Water Harvesting,SDG Local Solutions series: African cities innovatingi public service delivery: the cases of Kumasi (Ghana) and Kigali (Rwanda,https://sdglocalaction.org/building-resilient-cities/,https://sdglocalaction.org/guideline-kigalis-experience/
Kigali,Rwanda,Kigali Innovates Smart Waste and Water Harvesting,SDG Local Solutions series: A Tale of Two Cities: Kumasi and Kigali,https://sdglocalaction.org/kumasi-kigali/,https://sdglocalaction.org/wp-content/uploads/2023/08/Kigali-final-presenation.pdf
/,Rwanda,Rwanda Association of Local Governmnet Authority,SDG Local Solutions series: The role of local government associations in crisis,https://sdglocalaction.org/local-government-associations-in-crisis/,http://ralga.rw/
Al Madinah,Saudi Arabia,Voluntary Local Review,Stories,https://sdglocalaction.org/voluntary-local-review-al-madinah-saudi-arabia/,https://sdglocalaction.org/wp-content/uploads/2023/12/al_madinah_2023_en.pdf
/,Saudi Arabia,Future Saudi Cities programme,Stories,https://sdglocalaction.org/our-city-plans/,https://ourcityplans.org/planning-experiences/future-saudi-cities-programme
Casamance region,Senegal,Local governance innovation exchange,Stories,https://sdglocalaction.org/casamance-senegal-local-governance-innovation/,https://gpgs.exposure.co/from-isolation-to-innovation
Freetown,Sierra Leone,#FreetownTheTreeTown,SDG Local Solutions series: Entering Carbon Markets: The Cases Of Cordoba Province and The City Of Freetown,https://sdglocalaction.org/entering-carbon-markets/,https://sdglocalaction.org/freetown-the-treetown/
Freetown,Sierra Leone,Freetown Treetown,SDG Local Solutions series: Mapping Cities With Drones: The Experiences Of Dublin and Freetown,https://sdglocalaction.org/drones-map-cities/,https://fcc.gov.sl/freetown-the-treetown/
Freetown,Sierra Leone,Water kiosks construction,Stories,https://sdglocalaction.org/freetown-mayor-teams-up-with-uncdf-to-build-25-water-kiosks/,https://www.uncdf.org/article/8706/freetown-mayor-and-uncdf-partner-to-build-25-water-kiosks-empowering-women-and-promoting-peace
Freetown,Sierra Leone,"Transform Freetown initiative
- faecal sludge treatment plant",Stories,https://sdglocalaction.org/freetown-city-council-sanitation-project/,https://www.uncdf.org/article/8650/fcc-uncdf-stakeholders-tour-kingtom-fecal-sludge-plant-in-freetown-amid-recycling-advances
Singapore,Singapore,Smart Nation initiative,Stories,https://sdglocalaction.org/op-ed-shaping-cities/,https://www.weforum.org/agenda/2019/11/singapore-smart-city/
Singapore,Singapore,OneMillionTrees movement,Stories,https://sdglocalaction.org/reforestation-cases/,https://www.nparks.gov.sg/treessg/one-million-trees-movement/about-the-movement
/,Somalia,Somalia Local Government Association,SDG Local Solutions series: The role of local government associations in crisis,https://sdglocalaction.org/local-government-associations-in-crisis/,
eThekwini Municipality,South Africa,"One Home One Garden
Water Recycling Plant
KwaMashu Waste Beneficiation Centre",Stories,https://sdglocalaction.org/ethekwini-city-solutions/,"https://www.durban.gov.za/news/Isiphingo+Clinic+aeroponic+garden+to+boost+patient+nutrition
https://www.veolia.co.za/durban-water-recycling
https://durbangreencorridor.co.za/our-work/waste-management/kmbc"
City of Johannesburg,South Africa,"World Class African City of the Future
Climate Action Plan",Stories,https://sdglocalaction.org/johannesburg-sdg/,"https://urbanage.lsecities.net/essays/johannesburg-a-world-class-african-city
https://sdglocalaction.org/wp-content/uploads/2023/10/The-City-of-Gold.pdf"
Buffalo City,South Africa,Clean water and sanitation,Stories,https://sdglocalaction.org/water-and-sanitation-in-buffalo/,https://sdglocalaction.org/wp-content/uploads/2023/10/Water-and-Sanitation.pdf
Midvaal ,South Africa,Sebenza Mbokodo Women’s Fund,Stories,https://sdglocalaction.org/african-women-local-development/,
Sejong City,South Korea,"Sejong Centre for Creative Economy and Innovation,",Stories,https://sdglocalaction.org/sejong-innovation-centre/,https://uclg-aspac.org/sejong-centre-for-creative-economy-and-innovation/
Sejong City,South Korea,first hydrogen bus-exclusive charging station,Stories,https://sdglocalaction.org/sejong-hydrogen-bus-charging/,https://uclg-aspac.org/sejongs-first-hydrogen-bus-exclusive-charging-station-started-operating-in-daepyeong-dong/
Jeonju,South Korea,Traditional Culture City project,Stories,https://sdglocalaction.org/arts-culture-inclusive-cities/,
Seville,Spain,"Watercool project
Cartuja Qanat project
Urban planning
Cultural adaptation",SDG Local Solutions series: Tackling Extreme Heat In Cities: Insights From Miami-Dade County and Seville,https://sdglocalaction.org/tackling-extreme-heat/,"Watercool project: https://lifewatercool.com/
Cartuja Qanat project: https://cartujaqanat.com/"
The Province of Barcelona,Spain,Common Services,SDG Local Solutions series: The Experience of The Barcelona Province in Providing Common Services to Municipalities,https://sdglocalaction.org/lessons-barcelona-experience/,
Madrid,Spain,"C40 Cities’ VISIBLE initiative
- The TANDEM project",Stories,https://sdglocalaction.org/madrid-tandem-project/,https://www.madrid.es/portales/munimadrid/es/Inicio/Medio-ambiente/Energia-y-cambio-climatico/?vgnextfmt=default&vgnextoid=db3bc925b8116810VgnVCM2000001f4a900aRCRD&vgnextchannel=3edd31d3b28fe410VgnVCM1000000b205a0aRCRD&idCapitulo=12556623
Santander,Spain,/,City Talks: Leaving No One Behind: Lessons in Inclusive Urban Transport from The Cities of Hermosillo and Canelones ,https://sdglocalaction.org/lnob-in-cities/,
Barcelona,Spain,Voluntary Local Review,Stories,https://sdglocalaction.org/voluntary-local-review-barcelona-spain/,https://sdglocalaction.org/wp-content/uploads/2024/04/VLR_2023_de_lAgenda_2030_Barcelona-EN.pdf
Bilbao,Spain,SDG City Tales,Stories,https://sdglocalaction.org/sdg-city-tales/,
Barcelona,Spain,Smart City Barcelona,Stories,https://sdglocalaction.org/smart-city-barcelona/,
Kingstown,St. Vincent and the Grenadines,Integrated Urban Resilience in Small Island Developing States and Coastal Cities,Stories,https://sdglocalaction.org/iur-sids/,https://www.sparkblue.org/system/files/2023-06/state%20of%20play%20--%20iur-sids%20kingstown%20svg_hqp.pdf
Botkyrka,Sweden,Her City Toolbox,Stories,https://sdglocalaction.org/her-city-toolbox/,https://hercity.org/botkyrka
Geneva,Switzerland,"Home support program for caregivers
- Caregiver Agency",SDG Local Solutions series: Creating Caring Communities: Lessons From Geneva and Bogota,https://sdglocalaction.org/creating-caring-communities/,https://genevacaring.com/
Nuku'alofa,Tonga,Integrated Urban Resilience in Small Island Developing States and Coastal Cities,Stories,https://sdglocalaction.org/iur-sids/,https://www.sparkblue.org/system/files/2023-06/State%20of%20play%20--%20IUR-SIDS%20Nukualofa%20Tonga_HQP.pdf
Tunis,Tunisia,Femmedina project ,Stories,https://sdglocalaction.org/women-friendly-cities/,https://www.citiesalliance.org/femmedina-inclusive-city-programme
Istanbul,Turkey,"Intelligent Transport Systems by Traffic Management Centre
- Smart traffic management system
- Artificial intelligence for traffic optimization
- Real-time public communication and enforcement 
- Infrastructure improvements and sustainable mobility ",SDG Local Solutions series: Traffic Management Policies: Experiences From Istanbul And Buenos Aires ,https://sdglocalaction.org/traffic-management-policies/,
Various cities,Turkey,Local Climate Change Action Plans,Stories,https://sdglocalaction.org/cities-against-climate-change/,
Kampala,Uganda,The FABIO initiative,"SDG Local Solutions series: Electric Bicycles, the Solution for Urban Mobility?",https://sdglocalaction.org/ebikes-for-urban-mobility/,https://fabio.or.ug/
Nebbi,Uganda,Agroecology Centre,Stories,https://sdglocalaction.org/ending-hunger-in-nebbi/,https://www.agroecology-center.org/
Kampala,Uganda,Yo-Waste,Stories,https://sdglocalaction.org/cities-against-climate-change/,https://stories.undp.org/transforming-waste-management-in-uganda?_gl=1*98v8tk*_ga*OTk0MDE5NzU0LjE2ODkwODA2NTk.*_ga_3W7LPK0WP1*MTcxNTI0MDQ5Mi4xMzkuMS4xNzE1MjQyNjIxLjI2LjAuMA
Entebbe,Uganda,Yo-Waste,Stories,https://sdglocalaction.org/cities-against-climate-change/,https://stories.undp.org/transforming-waste-management-in-uganda?_gl=1*98v8tk*_ga*OTk0MDE5NzU0LjE2ODkwODA2NTk.*_ga_3W7LPK0WP1*MTcxNTI0MDQ5Mi4xMzkuMS4xNzE1MjQyNjIxLjI2LjAuMA
Nansana,Uganda,AMICALL,Stories,https://sdglocalaction.org/nansana-for-peace/,http://amicaalluganda.org/
Masaka City,Uganda,"waste management
plastic waste reduction
noise pollution control
wetland conservation",Stories,https://sdglocalaction.org/masaka/,https://sdglocalaction.org/wp-content/uploads/2024/01/Masaka-Article.pdf
Koboko,Uganda,EALGA,Stories,https://sdglocalaction.org/koboko-municipality-uganda-champions-quality-education-for-all/,
Ngora,Uganda,Voluntary Local Review,Stories,https://sdglocalaction.org/vlr-ngora/,https://sdglocalaction.org/wp-content/uploads/2023/12/Ngora-District-VLR.pdf
Lviv,Ukraine,Voluntary Local Review,Stories,https://sdglocalaction.org/vlrlviv/,https://sdglocalaction.org/wp-content/uploads/2023/12/ENG-Lviv-Voluntary-Local-Review.pdf
/,Ukraine,"Just transitions: digital tools and capacity for inclusive, smart and. Resilient urban recovery in Ukraine",Stories,https://sdglocalaction.org/urban-recovery-planning-platform/,
Northampton,United Kingdom,Sector-based Work Academy Programme (SWAP),SDG Local Solutions series: Creating Local Skills for Green Energy Transitions,https://sdglocalaction.org/green-energy-local-skills/,
Lancashire,United Kingdom,Cosy Homes,Stories,https://sdglocalaction.org/cosy-homes-lancashire/,https://www.chil.uk.com/about-cosy-homes
Tanga,United Republic of Tanzani,Tanga Water Green Bond,Stories,https://sdglocalaction.org/tanga-water-bond/,
Arusha,United Republic of Tanzani,"Fighting poverty, empowering communities",Stories,https://sdglocalaction.org/arusha-city/,https://sdglocalaction.org/wp-content/uploads/2023/12/Arusha-City.pdf
Zanziar City,United Republic of Tanzani,Integrated Urban Resilience in Small Island Developing States and Coastal Cities,Stories,https://sdglocalaction.org/iur-sids/,https://www.sparkblue.org/system/files/2023-06/state%20of%20play%20--%20iur-sids%20zanzibar%20city%20tanzania_hqp.pdf
Zanziar City,United Republic of Tanzani,Zero Waste Implementation,Stories,https://sdglocalaction.org/zanzibar-zero-waste-initiative/,https://nipefagio.co.tz/zanzibar-on-the-path-to-become-the-first-zero-waste-archipelago-in-the-world
Bangkok,United Republic of Tanzani,Green Bangkok 2030,Stories,https://sdglocalaction.org/op-ed-shaping-cities/,https://unfccc.int/news/the-greening-of-bangkok
Chicago,United States of America,Equitable Transit-oriented development,SDG Local Solutions series: Developing inclusive city neighbourhood,\,
Hoboken,United States of America,Comphrehensive water management strategy,SDG Local Solutions series: Fighting Urban Flooding: Lessons From Copenhagen and Hoboken ,https://sdglocalaction.org/tackling-urban-flooding/,
Miami-Dade County,United States of America,Extreme Heat Action Plan,SDG Local Solutions series: Tackling Extreme Heat In Cities: Insights From Miami-Dade County and Seville,https://sdglocalaction.org/tackling-extreme-heat/,https://www.miamidade.gov/global/economy/resilience/home.page
New York City,United States of America,"New York City Economic Development Corporation
- New York City Ferry",SDG Local Solutions series: Moving by Water: The Experiences Of Venice and New York City ,https://sdglocalaction.org/moving-by-water/,https://www.ferry.nyc/
Anaheim,United States of America,American Rescue Plan Act,Stories,https://sdglocalaction.org/arpa-supports-cities/,https://www.transit.dot.gov/funding/american-rescue-plan-act-2021
Rowland,United States of America,American Rescue Plan Act,Stories,https://sdglocalaction.org/arpa-supports-cities/,https://www.transit.dot.gov/funding/american-rescue-plan-act-2021
Denver,United States of America,"Financial initatives to promote e-bikes
- E-BIKE ACT
- E-bike rebates",Stories,https://sdglocalaction.org/denvers-e-bikes/,"https://panetta.house.gov/media/press-releases/reps-panetta-blumenauer-thompson-and-schiff-reintroduce-e-bike-act
https://denverrebate.azurewebsites.net"
Hoboken,United States of America,Comprehensive strategy for coastal and heavy rainfall flood mitigation,Stories,https://sdglocalaction.org/hoboken-coastal-flood-mitigation-strategy/,https://cityofhoboken.maps.arcgis.com/apps/Cascade/index.html?appid=6d8bbfc535fc40bbbcf2bc9584f83656
Brooklyn,United States of America,SDG City Tales,Stories,https://sdglocalaction.org/sdg-city-tales/,
Boston,United States of America,Moving Day Permit,Stories,https://sdglocalaction.org/public-service-delivery-improvement/,https://www.boston.gov/departments/parking-clerk/reserve-parking-spot-your-moving-truck
Rocha,Uruguay,Camarón-Puerto Valizas,SDG Local Solutions series: Municipal Solutions for Storage and Selling Fresh Food Products,https://sdglocalaction.org/municipal-solutions-for-selling-fresh-products/,
Montevideo,Uruguay,The green transition program,SDG Local Solutions series: Latin America Cities Innovate Urban Waste and Mobility,https://sdglocalaction.org/latin-america-cities-innovate-urban-waste-and-mobility/,
Montevideo,Uruguay,Portfolio approach,SDG Local Solutions series: Developing inclusive city neighbourhood,,
Montevideo,Uruguay,"Montevideo Lab / MVDLAB
- Montevideo Participa",SDG Local Solutions series: Digital Participatory Tools: The Experiences Of Turin And Montevideo,https://sdglocalaction.org/digital-participatory-tools-2/,"Montevideo Lab: https://montevideo.gub.uy/node/41513
Montevideo Participa: https://participa.montevideo.gub.uy"
Canelones,Uruguay,/,City Talks: Leaving No One Behind: Lessons in Inclusive Urban Transport from The Cities of Hermosillo and Canelones ,https://sdglocalaction.org/no-one-behind-transport/,
Canelones,Uruguay,Voluntary Local Review,Stories,https://sdglocalaction.org/canelones-vlr-2024/,https://sdglocalaction.org/wp-content/uploads/2024/10/Canelones_ODS2.pdf
/,Uzbekistan,"""Islands of Integrity"" methodology",Stories,https://sdglocalaction.org/uzbekistan-islands-of-integrity/,https://anticorruption.uz/en/article/zbekistonda-bosqaruvni-takomillastiris-loiiasi-amalga-osiriladi
Port Vila,Vanuatu,Integrated Urban Resilience in Small Island Developing States and Coastal Cities,Stories,https://sdglocalaction.org/iur-sids/,https://www.sparkblue.org/system/files/2023-06/State%20of%20play%20--%20IUR-SIDS%20Port%20Vila%20Vanuatu_HQP.pdf
/,Zambia,“Connecting the Dots” initiative,Stories,https://sdglocalaction.org/african-women-local-development/,https://www.clgf.org.uk/regions/clgf-southern-africa/clgf-southern-africa-programmes/connecting-the-dots-stories-of-change/
Luwingu,Zambia,“Connecting the Dots” initiative,Stories,https://sdglocalaction.org/african-women-local-development/,https://www.clgf.org.uk/regions/clgf-southern-africa/clgf-southern-africa-programmes/connecting-the-dots-stories-of-change/
/,Zimbabwe,“Connecting the Dots” initiative,Stories,https://sdglocalaction.org/african-women-local-development/,https://www.clgf.org.uk/regions/clgf-southern-africa/clgf-southern-africa-programmes/connecting-the-dots-stories-of-change/